"","Richemont","Kering","LVMH"
"Richemont",1,0.249176058688164,0.834872341117501
"Kering",0.249176058688164,1,0.603164126731115
"LVMH",0.834872341117501,0.603164126731115,1
