"","Richemont","Kering","LVMH"
"Richemont",1,0.248940789099167,0.844470161837451
"Kering",0.248940789099167,1,0.583704173924041
"LVMH",0.844470161837451,0.583704173924041,1
