"Variable","Coefficient"
"(Intercept)",-196718.22055457
"EUR_CHF",244270.262824914
"USD_CHF",14152.8633862623
"CNY_CHF",295.014519595103
"EUR_squared",-57034.0886645265
"USD_squared",-4533.21969058727
"EUR_USD",1982.10213905506
"EUR_CNY",228.886857913741
"log_EUR",-133846.316915083
"log_USD",-7222.38248591061
"log_CNY",-2911.76470751437
